{"disk_space": "Total: 7.99GB, Used: 4.54GB, Use%: 56.9%", "calc_time": 0.037249088287353516, "response_time": 4.349135875701904}